<?xml version="1.0" encoding="UTF-8"?>
<java version="22.0.2" class="java.beans.XMLDecoder">
 <object class="com.luisdeveloper.billeteravirtualuq.model.BilleteraVirtualUq" id="BilleteraVirtualUq0">
  <void property="listaCuentas">
   <void method="add">
    <object class="com.luisdeveloper.billeteravirtualuq.model.Cuenta">
     <void property="idCuenta">
      <string>123456</string>
     </void>
     <void property="nombreBanco">
      <string>Bank</string>
     </void>
     <void property="numeroCuenta">
      <string>123</string>
     </void>
     <void property="tipoCuenta">
      <string>Ahorros</string>
     </void>
    </object>
   </void>
   <void method="add">
    <object class="com.luisdeveloper.billeteravirtualuq.model.Cuenta">
     <void property="idCuenta">
      <string>46236326</string>
     </void>
     <void property="nombreBanco">
      <string>BankO</string>
     </void>
     <void property="numeroCuenta">
      <string>456</string>
     </void>
     <void property="tipoCuenta">
      <string>Corriente</string>
     </void>
    </object>
   </void>
   <void method="add">
    <object class="com.luisdeveloper.billeteravirtualuq.model.Cuenta">
     <void property="idCuenta">
      <string>11232444</string>
     </void>
     <void property="nombreBanco">
      <string>GrupoAval</string>
     </void>
     <void property="numeroCuenta">
      <string>789</string>
     </void>
     <void property="tipoCuenta">
      <string>Ahorros</string>
     </void>
    </object>
   </void>
   <void method="add">
    <object class="com.luisdeveloper.billeteravirtualuq.model.Cuenta">
     <void property="idCuenta">
      <string>dsdsa</string>
     </void>
     <void property="nombreBanco">
      <string>dasdsa</string>
     </void>
     <void property="numeroCuenta">
      <string>dsads</string>
     </void>
     <void property="tipoCuenta">
      <string>adsdsa</string>
     </void>
    </object>
   </void>
   <void method="add">
    <object class="com.luisdeveloper.billeteravirtualuq.model.Cuenta">
     <void property="idCuenta">
      <string>1234567</string>
     </void>
     <void property="nombreBanco">
      <string>1005133143</string>
     </void>
     <void property="numeroCuenta">
      <string>Banco de Bogota</string>
     </void>
     <void property="tipoCuenta">
      <string>ahorros</string>
     </void>
    </object>
   </void>
  </void>
 </object>
</java>
